Neighborhood,Name,Category,Hours,Rating,What to Try,Map Link
Ginza,Center the Bakery,Bakery,09:00-18:00,4.5,Shokupan tasting flight,https://maps.google.com/?q=Center+the+Bakery+Ginza
Ginza,Boul'Ange,Bakery,08:00-21:00,4.2,Pistachio Croissants,https://maps.google.com/?q=Boul+Ange+Ginza
Ginza,The City Bakery,Bakery,07:30-22:00,4.3,Pretzel Croissants,https://maps.google.com/?q=City+Bakery+Ginza
Ginza,Peltier Bakery,Bakery,10:00-20:00,4.2,French-style pastries,https://maps.google.com/?q=Peltier+Ginza
Ginza,Turret Coffee,Coffee,07:00-18:00,4.6,Turret Latte,https://maps.google.com/?q=Turret+Coffee+Ginza
Ginza,Glitch Coffee & Roasters,Coffee,09:00-19:00,4.7,Single origin pour-over,https://maps.google.com/?q=Glitch+Coffee+Ginza
Ginza,Starbucks Reserve Printemps,Coffee,07:30-22:30,4.4,Reserve micro-blends,https://maps.google.com/?q=Starbucks+Reserve+Ginza
Ginza,Lindberg Boutique,Eyewear,11:00-20:00,4.8,Thintanium and n.o.w. collections,https://maps.google.com/?q=Lindberg+Boutique+Ginza
Ginza,999.9 (Four Nines) Spirit,Eyewear,11:00-20:00,4.7,M-140 series; high-function hinges,https://maps.google.com/?q=999.9+Four+Nines+Ginza
Ginza,Matsuda Store (Matsuya),Eyewear,11:00-20:00,4.6,Heritage engraved metal frames,https://maps.google.com/?q=Matsuda+Matsuya+Ginza
Ginza,Lunor Shop,Eyewear,11:00-19:00,4.7,Classic round frames,https://maps.google.com/?q=Lunor+Ginza
Ginza,Masunaga 1905 (Ginza),Eyewear,11:00-20:00,4.8,GMS series,https://maps.google.com/?q=Masunaga+Ginza
Ginza,Oliver Peoples Ginza,Eyewear,11:00-20:00,4.5,Gregory Peck frames,https://maps.google.com/?q=Oliver+Peoples+Ginza
Ginza,Kamuro Eyewear,Eyewear,11:00-20:00,4.4,Artistic colorful frames,https://maps.google.com/?q=Kamuro+Ginza
Ginza,Ginza Six Rooftop,Sight,07:00-23:00,4.6,Sky garden views,https://maps.google.com/?q=Ginza+Six+Garden
